<?xml version="1.0" encoding="ISO-8859-1"?>
<?xml-stylesheet type="text/css" href="adempiereDocument.css"?>

<adempiereDocument>
    <header>myStock Package Description</header>
    <H1>Package Name:</H1>
    <packagename>myStock</packagename>
    <H1>Creator:</H1>
    <creator>admin@adempiere-thai.net</creator>
    <H1>Email Address:</H1>
    <creatorcontact>admin@adempiere-thai.net</creatorcontact>
    <H1>Created:</H1>
    <createddate>2016-11-30 22:46:15</createddate>
    <H1>Updated:</H1>
    <updateddate>2016-11-30 22:46:15</updateddate>
    <H1>Description:</H1>
    <description>Mobile Stock for Adempiere</description>
    <H1>Instructions:</H1>
    <instructions>Mobile Stock for Adempiere</instructions>
    <H1>Files in Package:</H1>
    <file>File: PackOut.xml</file>
    <filedirectory>Directory: \dict\</filedirectory>
    <filenotes>Notes: Contains all application/object settings for package</filenotes>
</adempiereDocument>
